order_month,orders,customers,merchandise_revenue,freight_value,average_order_value,mom_revenue_growth_pct
2016-09-01,1,1,134.97,8.49,134.97,
2016-10-01,265,262,40325.11,6165.55,152.17,
2016-12-01,1,1,10.90,8.72,10.90,
2017-01-01,750,718,111798.36,15684.01,149.06,
2017-02-01,1653,1630,234223.40,37015.92,141.70,109.51
2017-03-01,2546,2508,359198.85,55132.10,141.08,53.36
2017-04-01,2303,2274,340669.68,50142.72,147.92,-5.16
2017-05-01,3546,3479,489338.25,77513.15,138.00,43.64
2017-06-01,3135,3076,421923.37,68127.00,134.58,-13.78
2017-07-01,3872,3802,481604.52,84694.56,124.38,14.15
2017-08-01,4193,4114,554699.70,91132.66,132.29,15.18
2017-09-01,4150,4083,607399.67,93677.82,146.36,9.50
2017-10-01,4478,4417,648247.65,102869.36,144.76,6.73
2017-11-01,7289,7183,987765.37,165598.83,135.51,52.37
2017-12-01,5513,5450,726033.19,117045.10,131.69,-26.50
2018-01-01,7069,6974,924645.00,153242.46,130.80,27.36
2018-02-01,6555,6400,826437.13,139731.28,126.08,-10.62
2018-03-01,7003,6914,953356.25,167241.99,136.14,15.36
2018-04-01,6798,6744,973534.09,159344.84,143.21,2.12
2018-05-01,6749,6693,977544.69,151229.83,144.84,0.41
2018-06-01,6099,6061,856077.86,155900.43,140.36,-12.43
2018-07-01,6159,6100,867953.46,159853.82,140.92,1.39
2018-08-01,6351,6310,838576.64,146915.00,132.04,-3.38
