category,orders,items_sold,merchandise_revenue,avg_item_price,freight_value
health_beauty,8647,9465,1233131.72,130.28,178957.81
watches_gifts,5495,5859,1166176.98,199.04,98156.14
bed_bath_table,9272,10953,1023434.76,93.44,201774.50
sports_leisure,7530,8431,954852.55,113.25,163404.36
computers_accessories,6530,7644,888724.61,116.26,143999.16
furniture_decor,6307,8160,711927.69,87.25,168402.23
housewares,5743,6795,615628.69,90.60,142763.56
cool_stuff,3559,3718,610204.10,164.12,81476.79
auto,3810,4140,578966.65,139.85,90488.10
toys,3804,4030,471286.48,116.94,75774.58
